Product, Price
Samsung 253 L Frost Free Double Door 3 Star (2020) Refrigerator,₹23|640
LG 260 L Frost Free Double Door 3 Star (2020) Refrigerator,₹24|990
Whirlpool 265 L Frost Free Double Door 2 Star (2020) Refrigerator,₹20|490
Whirlpool 245 L Frost Free Double Door 2 Star (2020) Refrigerator,₹18|990
Godrej 260 L Frost Free Double Door 4 Star (2019) Refrigerator,₹22|490
Haier 258 L Frost Free Double Door 3 Star (2020) Convertible Refrigerator,₹20|490
Samsung 253 L Frost Free Double Door 2 Star (2020) Refrigerator,₹20|490
Samsung 415 L Frost Free Double Door 3 Star (2020) Convertible Refrigerator,₹43|490
Godrej 236 L Frost Free Double Door 2 Star (2020) Refrigerator,₹18|290
Whirlpool 340 L Frost Free Double Door 3 Star (2020) Convertible Refrigerator,₹30|990
Haier 258 L Frost Free Double Door 2 Star (2020) Convertible Refrigerator,₹19|490
Whirlpool 245 L Frost Free Double Door 2 Star (2020) Refrigerator,₹19|490
Whirlpool 265 L Frost Free Double Door 3 Star (2020) Convertible Refrigerator,₹23|990
Whirlpool 440 L Frost Free Double Door 4 Star (2019) Convertible Refrigerator,₹43|990
Bosch 288 L Frost Free Double Door 3 Star (2019) Refrigerator,₹25|990
Haier 347 L Frost Free Double Door 2 Star (2020) Refrigerator,₹25|490
Samsung 253 L Frost Free Double Door 3 Star (2020) Convertible Refrigerator,₹25|990
Samsung 253 L Frost Free Double Door 2 Star (2020) Convertible Refrigerator,₹23|290
Whirlpool 265 L Frost Free Double Door 2 Star (2020) Refrigerator  with Glass Door,₹22|490
Whirlpool 500 L Frost Free Double Door 3 Star (2020) Convertible Refrigerator,₹50|990
Godrej 236 L Frost Free Double Door 2 Star (2020) Refrigerator,₹17|990
Samsung 272 L Frost Free Double Door 2 Star (2020) Refrigerator,₹23|990
Godrej 236 L Frost Free Double Door 2 Star (2020) Refrigerator,₹18|290
Whirlpool 440 L Frost Free Double Door 3 Star (2020) Convertible Refrigerator,₹44|990
